{"cameraMode":{"drawMode":0,"name":"Shaded","section":"Shading Mode"},"sceneLighting":true,"audioPlay":false,"sceneViewState":{"showFog":true,"showMaterialUpdate":true,"showSkybox":true,"showFlares":true,"showImageEffects":true,"showParticleSystems":true},"in2DMode":false,"pivot":{"x":-6.15875244140625,"y":10.729349136352539,"z":0.37424468994140627},"rotation":{"x":-0.06081334128975868,"y":0.9002730250358582,"z":-0.13358649611473084,"w":-0.4098358452320099},"size":70.02059173583985,"orthographic":false}